{"cameraMode":{"drawMode":0,"name":"Shaded","section":"Shading Mode"},"sceneLighting":false,"audioPlay":false,"sceneViewState":{"showFog":true,"showMaterialUpdate":false,"showSkybox":true,"showFlares":true,"showImageEffects":true,"showParticleSystems":true},"in2DMode":false,"pivot":{"x":-1.5774157047271729,"y":1.5970302820205689,"z":-4.174283504486084},"rotation":{"x":-0.023513615131378175,"y":0.9756912589073181,"z":-0.13283251225948335,"w":-0.1727115958929062},"size":6.307793140411377,"orthographic":false}